arm,budget,ci_lower,ci_upper,safety,contrast,delta,left_arm,p_positive,right_arm
flat,0.002,0.25347386119074733,0.7058495414013414,0.42970123676763444,,,,,
random,0.002,0.2632882225990279,0.7286689463417743,0.46560416773074237,,,,,
oracle_q_rt,0.002,0.26377214430419194,0.7732622237299686,0.5170192403798101,,,,,
monitor:code_main,0.002,0.24865503732186928,0.693712072224631,0.4230381499726327,,,,,
monitor:code_main_side,0.002,0.2518066813693256,0.7127207052674936,0.43344038390550016,,,,,
monitor:code_only,0.002,0.2478950594131058,0.7043912497863282,0.42123977591036416,,,,,
,0.002,-0.004144054724463781,0.13090478834958302,,oracle-flat,0.08731800361217562,oracle_q_rt,0.945,flat
,0.002,-0.009915869268024758,0.09212909188188077,,oracle-random,0.051415072649067695,oracle_q_rt,0.876,random
,0.002,-0.05242102880580496,0.002663536560185598,,flat-random,-0.035902930963107926,flat,0.045,random
,0.002,-0.04374872340296192,0.008305621599823733,,monitor-main-minus-code,0.0017983740622685707,monitor:code_main,0.333,monitor:code_only
,0.002,-0.005706535221137237,0.034033804490299836,,monitor-side-minus-main,0.010402233932867433,monitor:code_main_side,0.833,monitor:code_main
,0.002,-0.03186982269188606,0.03207932241417708,,monitor-side-minus-code,0.012200607995136004,monitor:code_main_side,0.714,monitor:code_only
flat,0.005,0.3718581052117817,0.8280822077922076,0.5871927100359595,,,,,
random,0.005,0.3790205725012011,0.8575573165202652,0.6376839393944281,,,,,
oracle_q_rt,0.005,0.3857811551702758,0.9234665184127802,0.7357166912125674,,,,,
monitor:code_main,0.005,0.3584531309524282,0.81476978088487,0.5704497354497354,,,,,
monitor:code_main_side,0.005,0.3623966419219079,0.8449494047619047,0.5906832146348275,,,,,
monitor:code_only,0.005,0.35936406101286417,0.8277847761810039,0.5793019813126196,,,,,
,0.005,0.008066918157701525,0.16582208472137439,,oracle-flat,0.14852398117660792,oracle_q_rt,0.985,flat
,0.005,0.0012091531062667319,0.11423769406046101,,oracle-random,0.09803275181813931,oracle_q_rt,0.979,random
,0.005,-0.07103481290590163,0.0014771083763981147,,flat-random,-0.050491229358468614,flat,0.036,random
,0.005,-0.059333219905851296,0.011985243488037638,,monitor-main-minus-code,-0.008852245862884134,monitor:code_main,0.243,monitor:code_only
,0.005,-0.010723236554735525,0.057674444578078986,,monitor-side-minus-main,0.020233479185092107,monitor:code_main_side,0.848,monitor:code_main
,0.005,-0.053805301812228305,0.05382090071877806,,monitor-side-minus-code,0.011381233322207973,monitor:code_main_side,0.567,monitor:code_only
flat,0.01,0.5545051271266785,0.894883671679198,0.7204539682539682,,,,,
random,0.01,0.5528261596594087,0.8988283932301189,0.7470567322322031,,,,,
oracle_q_rt,0.01,0.5928471308944081,0.9485211736237145,0.8370992083873441,,,,,
monitor:code_main,0.01,0.5210581889226285,0.8613089312887912,0.6825021718234168,,,,,
monitor:code_main_side,0.01,0.5259691533466534,0.8809829144888928,0.6953215118215118,,,,,
monitor:code_only,0.01,0.5105887708259916,0.8793916316526611,0.6915048017116984,,,,,
,0.01,-0.0008860632826761075,0.14137328723374595,,oracle-flat,0.11664524013337585,oracle_q_rt,0.972,flat
,0.01,0.008172350447394474,0.10540884911980644,,oracle-random,0.09004247615514094,oracle_q_rt,0.99,random
,0.01,-0.06270791968403533,0.03462335568841086,,flat-random,-0.02660276397823491,flat,0.251,random
,0.01,-0.06155233150046435,0.03859765192593494,,monitor-main-minus-code,-0.0090026298882816,monitor:code_main,0.445,monitor:code_only
,0.01,-0.026893375343022285,0.04913142677889481,,monitor-side-minus-main,0.012819339998095036,monitor:code_main_side,0.682,monitor:code_main
,0.01,-0.0590471981721981,0.05300315463137577,,monitor-side-minus-code,0.003816710109813437,monitor:code_main_side,0.585,monitor:code_only
flat,0.02,0.8006460474584572,1.0,0.9116900243654342,,,,,
random,0.02,0.8100016083612482,0.981303981939171,0.9259054239871363,,,,,
oracle_q_rt,0.02,0.8655819053284053,1.0,0.9895532467532467,,,,,
monitor:code_main,0.02,0.7865313005985258,0.9778334683090264,0.8893984086378562,,,,,
monitor:code_main_side,0.02,0.7624758831446332,0.9816807539682539,0.8818033423033422,,,,,
monitor:code_only,0.02,0.7702016417397648,0.9664887494637495,0.886779443979444,,,,,
,0.02,-0.0061842964625001785,0.12263800336361269,,oracle-flat,0.07786322238781251,oracle_q_rt,0.92,flat
,0.02,0.009800370449242047,0.09150297785725887,,oracle-random,0.06364782276611047,oracle_q_rt,0.996,random
,0.02,-0.05850113954538559,0.05252328612317132,,flat-random,-0.01421539962170204,flat,0.388,random
,0.02,-0.05731684610800859,0.07219090030551054,,monitor-main-minus-code,0.0026189646584122706,monitor:code_main,0.585,monitor:code_only
,0.02,-0.0693910974940152,0.03727311147186154,,monitor-side-minus-main,-0.007595066334514011,monitor:code_main_side,0.404,monitor:code_main
,0.02,-0.06828729333522769,0.05905365874329357,,monitor-side-minus-code,-0.004976101676101741,monitor:code_main_side,0.493,monitor:code_only
