arm,budget,ci_lower,ci_upper,safety,contrast,delta,left_arm,p_positive,right_arm
flat,0.002,0.5381472374290572,0.8439933897915283,0.6671951872277774,,,,,
random,0.002,0.5442385452610977,0.8235453374094942,0.673412830317691,,,,,
oracle_q_rt,0.002,0.5451896243057309,0.845500890827204,0.6749288548462994,,,,,
monitor:code_main,0.002,0.5474675488975218,0.8416302545741775,0.6788734481761797,,,,,
monitor:code_main_side,0.002,0.5469346987843898,0.8453542921805335,0.670969496738909,,,,,
monitor:code_only,0.002,0.5492971768395479,0.8433796050239187,0.6816682057860652,,,,,
,0.002,-0.04636114465497265,0.049116680361710754,,oracle-flat,0.007733667618522011,oracle_q_rt,0.68,flat
,0.002,-0.015555425942119377,0.033671573513061014,,oracle-random,0.0015160245286084395,oracle_q_rt,0.63,random
,0.002,-0.0346409233923408,0.05074670332845073,,flat-random,-0.0062176430899135715,flat,0.382,random
,0.002,-0.015363355826786966,0.0072453094764322054,,monitor-main-minus-code,-0.0027947576098855675,monitor:code_main,0.183,monitor:code_only
,0.002,-0.07157566520542437,0.06307176181290294,,monitor-side-minus-main,-0.007903951437270629,monitor:code_main_side,0.472,monitor:code_main
,0.002,-0.07969364621420003,0.06031605599064163,,monitor-side-minus-code,-0.010698709047156196,monitor:code_main_side,0.433,monitor:code_only
flat,0.005,0.6408164323303387,0.9105597112259359,0.769268674051488,,,,,
random,0.005,0.6632821833604301,0.9010211915384807,0.7864441911798987,,,,,
oracle_q_rt,0.005,0.6506879642366997,0.9173465479230043,0.7862553372894514,,,,,
monitor:code_main,0.005,0.6573395804131791,0.9026099279203681,0.7835393221037883,,,,,
monitor:code_main_side,0.005,0.6520142980080371,0.9098971634143748,0.7791866979471551,,,,,
monitor:code_only,0.005,0.6628820877956138,0.903824200976302,0.7799909958601746,,,,,
,0.005,-0.026063389668207274,0.05291157768771682,,oracle-flat,0.016986663237963384,oracle_q_rt,0.801,flat
,0.005,-0.023578562736058694,0.03314455202034238,,oracle-random,-0.00018885389044731582,oracle_q_rt,0.591,random
,0.005,-0.046955462269726155,0.033882624500730485,,flat-random,-0.0171755171284107,flat,0.249,random
,0.005,-0.0120981352844037,0.021831342629935063,,monitor-main-minus-code,0.0035483262436136753,monitor:code_main,0.471,monitor:code_only
,0.005,-0.06578807759271302,0.06343043911527783,,monitor-side-minus-main,-0.004352624156633178,monitor:code_main_side,0.483,monitor:code_main
,0.005,-0.06457511191624639,0.06342612980411887,,monitor-side-minus-code,-0.0008042979130195027,monitor:code_main_side,0.495,monitor:code_only
flat,0.01,0.7934419603726501,0.9644244735433101,0.8841581424739978,,,,,
random,0.01,0.8177186772831493,0.9600847309611452,0.9010310453506197,,,,,
oracle_q_rt,0.01,0.8109496130496492,0.9800470786600941,0.9081383708517113,,,,,
monitor:code_main,0.01,0.8095329092182545,0.9619721342916353,0.8934316163264363,,,,,
monitor:code_main_side,0.01,0.7899583529624852,0.9725684830101188,0.8896608541135975,,,,,
monitor:code_only,0.01,0.7893651739887468,0.9603711941849136,0.8864261364280738,,,,,
,0.01,-0.013314032668235547,0.05726547599629212,,oracle-flat,0.02398022837771352,oracle_q_rt,0.919,flat
,0.01,-0.01850253795975672,0.03237005916042024,,oracle-random,0.00710732550109161,oracle_q_rt,0.774,random
,0.01,-0.04316649351186554,0.02091285974597739,,flat-random,-0.01687290287662191,flat,0.209,random
,0.01,-0.010049448804676153,0.03897417809730774,,monitor-main-minus-code,0.007005479898362532,monitor:code_main,0.77,monitor:code_only
,0.01,-0.054268981369666264,0.038807870303902044,,monitor-side-minus-main,-0.003770762212838785,monitor:code_main_side,0.372,monitor:code_main
,0.01,-0.04338041699279206,0.04522645390188969,,monitor-side-minus-code,0.003234717685523747,monitor:code_main_side,0.568,monitor:code_only
flat,0.02,0.9115774399806016,0.9921412209065396,0.9574013839985223,,,,,
random,0.02,0.9213062657506872,0.9868842821183661,0.9627292516076451,,,,,
oracle_q_rt,0.02,0.9156086148830369,0.9966487423864443,0.9794701156059342,,,,,
monitor:code_main,0.02,0.9229206157935606,0.985203227055448,0.9668475322346067,,,,,
monitor:code_main_side,0.02,0.8952248860444845,0.992232965647434,0.9522279189283184,,,,,
monitor:code_only,0.02,0.8928233092358013,0.9848313507196476,0.9454686063482824,,,,,
,0.02,-0.015604623366736634,0.042196698611737374,,oracle-flat,0.022068731607411962,oracle_q_rt,0.857,flat
,0.02,-0.011570962516863664,0.025091089282018173,,oracle-random,0.016740863998289113,oracle_q_rt,0.899,random
,0.02,-0.029589151985750396,0.01999094337870118,,flat-random,-0.005327867609122849,flat,0.427,random
,0.02,-0.010656071978466781,0.0498093696734407,,monitor-main-minus-code,0.021378925886324285,monitor:code_main,0.83,monitor:code_only
,0.02,-0.042528204212106444,0.020187714797798108,,monitor-side-minus-main,-0.01461961330628836,monitor:code_main_side,0.353,monitor:code_main
,0.02,-0.0204068918878092,0.035332710704421635,,monitor-side-minus-code,0.0067593125800359255,monitor:code_main_side,0.721,monitor:code_only
